{
  "name": "Aliyun OSS",
  "version": "3.2.7",
  "download_url": "https://chou.oss-cn-hangzhou.aliyuncs.com/aliyun-oss/aliyun-oss-3.2.7.zip",
  "homepage": "https://github.com/IvanChou/aliyun-oss-support",
  "requires": "4.5",
  "tested": "5.1.1",
  "last_updated": "2019-04-01 15:01:00",
  "author": "Ivan Chou",
  "author_homepage": "https://yii.im/",
  "sections": {
    "description": "使用阿里云 OSS 作为附件的存储空间。<br> This is a plugin that used Aliyun OSS for attachments remote saving.",
    "installation": "<h4>下载</h4> <p>最新版本： <a href='https://github.com/IvanChou/aliyun-oss-support/releases/latest'>latest release</a> </p> <p>历史版本： <a href='https://github.com/IvanChou/aliyun-oss-support/releases'>releases</a> </p> <h4>安装</h4> <ol> <li> <p>Wordpress 管理后台安装</p> </li> <li> <p>手动解压上传到 <code>wp-content/plugins</code> 目录下</p> </li> </ol> <h4>基本配置</h4> <p>根据提示配置即可</p> <h4>图片服务</h4> <p>关于 图片服务 的使用，请参照 <a href='https://github.com/IvanChou/aliyun-oss-support/wiki/How-to-use-Image-Service'>图片服务详解</a> </p> <h4>卸载</h4> <p>后台卸载即可</p> <p>为了保持纯净，卸载时会一并删除配置信息</p>",
    "changelog": "<h3><a id=\"user-content-版本号-327\" class=\"anchor\" aria-hidden=\"true\" href=\"#版本号-327\"><svg class=\"octicon octicon-link\" viewBox=\"0 0 16 16\" version=\"1.1\" width=\"16\" height=\"16\" aria-hidden=\"true\"><path fill-rule=\"evenodd\" d=\"M4 9h1v1H4c-1.5 0-3-1.69-3-3.5S2.55 3 4 3h4c1.45 0 3 1.69 3 3.5 0 1.41-.91 2.72-2 3.25V8.59c.58-.45 1-1.27 1-2.09C10 5.22 8.98 4 8 4H4c-.98 0-2 1.22-2 2.5S3 9 4 9zm9-3h-1v1h1c1 0 2 1.22 2 2.5S13.98 12 13 12H9c-.98 0-2-1.22-2-2.5 0-.83.42-1.64 1-2.09V6.25c-1.09.53-2 1.84-2 3.25C6 11.31 7.55 13 9 13h4c1.45 0 3-1.69 3-3.5S14.5 6 13 6z\"></path></svg></a>版本号: 3.2.7</h3>\n<p>修正日期：2019-04-01</p>\n<ol>\n<li>新增『禁用主动上传文件到 OSS』 选项</li>\n<li>升级 plugin-update-checker 到 4.5.1</li>\n</ol>\n<h3><a id=\"user-content-版本号-326\" class=\"anchor\" aria-hidden=\"true\" href=\"#版本号-326\"><svg class=\"octicon octicon-link\" viewBox=\"0 0 16 16\" version=\"1.1\" width=\"16\" height=\"16\" aria-hidden=\"true\"><path fill-rule=\"evenodd\" d=\"M4 9h1v1H4c-1.5 0-3-1.69-3-3.5S2.55 3 4 3h4c1.45 0 3 1.69 3 3.5 0 1.41-.91 2.72-2 3.25V8.59c.58-.45 1-1.27 1-2.09C10 5.22 8.98 4 8 4H4c-.98 0-2 1.22-2 2.5S3 9 4 9zm9-3h-1v1h1c1 0 2 1.22 2 2.5S13.98 12 13 12H9c-.98 0-2-1.22-2-2.5 0-.83.42-1.64 1-2.09V6.25c-1.09.53-2 1.84-2 3.25C6 11.31 7.55 13 9 13h4c1.45 0 3-1.69 3-3.5S14.5 6 13 6z\"></path></svg></a>版本号: 3.2.6</h3>\n<p>修正日期：2019-03-27</p>\n<ol>\n<li>升级 aliyun-oss-php-sdk 到 2.3.0</li>\n<li>新增异常处理</li>\n<li>优化加载机制，尽可能的减小对系统资源的消耗（虽然本来就不占资源）</li>\n</ol>\n<h3><a id=\"user-content-版本号-325\" class=\"anchor\" aria-hidden=\"true\" href=\"#版本号-325\"><svg class=\"octicon octicon-link\" viewBox=\"0 0 16 16\" version=\"1.1\" width=\"16\" height=\"16\" aria-hidden=\"true\"><path fill-rule=\"evenodd\" d=\"M4 9h1v1H4c-1.5 0-3-1.69-3-3.5S2.55 3 4 3h4c1.45 0 3 1.69 3 3.5 0 1.41-.91 2.72-2 3.25V8.59c.58-.45 1-1.27 1-2.09C10 5.22 8.98 4 8 4H4c-.98 0-2 1.22-2 2.5S3 9 4 9zm9-3h-1v1h1c1 0 2 1.22 2 2.5S13.98 12 13 12H9c-.98 0-2-1.22-2-2.5 0-.83.42-1.64 1-2.09V6.25c-1.09.53-2 1.84-2 3.25C6 11.31 7.55 13 9 13h4c1.45 0 3-1.69 3-3.5S14.5 6 13 6z\"></path></svg></a>版本号: 3.2.5</h3>\n<ol>\n<li>修正: 服务器本地不保留文件时，会导致 OSS 上对应的文件删不掉.\n若不開啟『图片服务』, 所生成的縮略圖仍然不會刪除.</li>\n<li>修正: 服务器本地不保留文件时，会导致无法安装插件.</li>\n<li>修正: 中文文件名會導致圖片服務連結錯誤.</li>\n</ol>\n<h3><a id=\"user-content-版本号-324\" class=\"anchor\" aria-hidden=\"true\" href=\"#版本号-324\"><svg class=\"octicon octicon-link\" viewBox=\"0 0 16 16\" version=\"1.1\" width=\"16\" height=\"16\" aria-hidden=\"true\"><path fill-rule=\"evenodd\" d=\"M4 9h1v1H4c-1.5 0-3-1.69-3-3.5S2.55 3 4 3h4c1.45 0 3 1.69 3 3.5 0 1.41-.91 2.72-2 3.25V8.59c.58-.45 1-1.27 1-2.09C10 5.22 8.98 4 8 4H4c-.98 0-2 1.22-2 2.5S3 9 4 9zm9-3h-1v1h1c1 0 2 1.22 2 2.5S13.98 12 13 12H9c-.98 0-2-1.22-2-2.5 0-.83.42-1.64 1-2.09V6.25c-1.09.53-2 1.84-2 3.25C6 11.31 7.55 13 9 13h4c1.45 0 3-1.69 3-3.5S14.5 6 13 6z\"></path></svg></a>版本号: 3.2.4</h3>\n<p>修正日期：2018-11-07</p>\n<h4><a id=\"user-content-修订内容\" class=\"anchor\" aria-hidden=\"true\" href=\"#修订内容\"><svg class=\"octicon octicon-link\" viewBox=\"0 0 16 16\" version=\"1.1\" width=\"16\" height=\"16\" aria-hidden=\"true\"><path fill-rule=\"evenodd\" d=\"M4 9h1v1H4c-1.5 0-3-1.69-3-3.5S2.55 3 4 3h4c1.45 0 3 1.69 3 3.5 0 1.41-.91 2.72-2 3.25V8.59c.58-.45 1-1.27 1-2.09C10 5.22 8.98 4 8 4H4c-.98 0-2 1.22-2 2.5S3 9 4 9zm9-3h-1v1h1c1 0 2 1.22 2 2.5S13.98 12 13 12H9c-.98 0-2-1.22-2-2.5 0-.83.42-1.64 1-2.09V6.25c-1.09.53-2 1.84-2 3.25C6 11.31 7.55 13 9 13h4c1.45 0 3-1.69 3-3.5S14.5 6 13 6z\"></path></svg></a>修订内容：</h4>\n<ol>\n<li>为 Exclude 项追加 Regexp Formatter, 避免不正确的表达式导致 Warning</li>\n<li>添加 Exclude 选项的翻译</li>\n</ol>\n<h3><a id=\"user-content-版本号-323\" class=\"anchor\" aria-hidden=\"true\" href=\"#版本号-323\"><svg class=\"octicon octicon-link\" viewBox=\"0 0 16 16\" version=\"1.1\" width=\"16\" height=\"16\" aria-hidden=\"true\"><path fill-rule=\"evenodd\" d=\"M4 9h1v1H4c-1.5 0-3-1.69-3-3.5S2.55 3 4 3h4c1.45 0 3 1.69 3 3.5 0 1.41-.91 2.72-2 3.25V8.59c.58-.45 1-1.27 1-2.09C10 5.22 8.98 4 8 4H4c-.98 0-2 1.22-2 2.5S3 9 4 9zm9-3h-1v1h1c1 0 2 1.22 2 2.5S13.98 12 13 12H9c-.98 0-2-1.22-2-2.5 0-.83.42-1.64 1-2.09V6.25c-1.09.53-2 1.84-2 3.25C6 11.31 7.55 13 9 13h4c1.45 0 3-1.69 3-3.5S14.5 6 13 6z\"></path></svg></a>版本号: 3.2.3</h3>\n<p>修正日期：2018-11-06</p>\n<h4><a id=\"user-content-修订内容-1\" class=\"anchor\" aria-hidden=\"true\" href=\"#修订内容-1\"><svg class=\"octicon octicon-link\" viewBox=\"0 0 16 16\" version=\"1.1\" width=\"16\" height=\"16\" aria-hidden=\"true\"><path fill-rule=\"evenodd\" d=\"M4 9h1v1H4c-1.5 0-3-1.69-3-3.5S2.55 3 4 3h4c1.45 0 3 1.69 3 3.5 0 1.41-.91 2.72-2 3.25V8.59c.58-.45 1-1.27 1-2.09C10 5.22 8.98 4 8 4H4c-.98 0-2 1.22-2 2.5S3 9 4 9zm9-3h-1v1h1c1 0 2 1.22 2 2.5S13.98 12 13 12H9c-.98 0-2-1.22-2-2.5 0-.83.42-1.64 1-2.09V6.25c-1.09.53-2 1.84-2 3.25C6 11.31 7.55 13 9 13h4c1.45 0 3-1.69 3-3.5S14.5 6 13 6z\"></path></svg></a>修订内容：</h4>\n<ol>\n<li>修复样式文件下载白屏 BUG #79</li>\n<li>新增 Exclude 模式，可以排除指定目录 #61 #80</li>\n</ol>"
  }
}